Date,Date,ENGIE,EDF,RWE,EON,INNOGY,UNIPER,Percent_ENGIE,Percent_EDF,Percent_RWE,Percent_EON,Percent_INNOGY,Percent_UNIPER
2018-03-21,2018-03-21,13.455,11.1,20.09,9.002,38.62,23.7,1.0,1.0,1.0,1.0,1.0,1.0
2018-03-22,2018-03-22,13.485,11.34,19.715,8.802,38.71,23.94,1.0022296544035674,1.0216216216216216,0.9813339970134395,0.9777827149522327,1.0023303987571208,1.010126582278481
2018-03-23,2018-03-23,13.31,11.26,19.725,8.857999999999999,38.45,23.79,0.989223337049424,1.0144144144144145,0.9818317570930812,0.9840035547656074,0.9955981356809944,1.0037974683544304
2018-03-26,2018-03-26,13.305,11.41,19.8,8.996,38.5,24.5,0.9888517279821627,1.0279279279279279,0.9855649576903933,0.9993334814485669,0.9968928016571725,1.0337552742616034
2018-03-27,2018-03-27,13.31,11.515,19.95,8.994,38.5,24.48,0.989223337049424,1.0373873873873876,0.9930313588850174,0.9991113085980892,0.9968928016571725,1.0329113924050632
2018-03-28,2018-03-28,13.14,11.585,19.75,8.79,38.37,24.25,0.9765886287625418,1.0436936936936938,0.9830761572921852,0.9764496778493666,0.9935266701191092,1.0232067510548524
2018-03-29,2018-03-29,13.565,11.92,20.14,8.987,38.39,24.96,1.0081753994797473,1.073873873873874,1.0024888003982082,0.9983337036214174,0.9940445365095806,1.0531645569620254
2018-04-03,2018-04-03,13.515,11.65,19.85,8.959,38.34,24.54,1.004459308807135,1.0495495495495497,0.9880537580886014,0.9952232837147299,0.9927498705334026,1.0354430379746835
2018-04-04,2018-04-04,13.85,11.635,20.1,9.041,38.4,24.44,1.0293571163136381,1.0481981981981983,1.0004977600796416,1.0043323705843146,0.9943034697048162,1.0312236286919831
2018-04-05,2018-04-05,13.97,11.55,20.2,9.12,38.42,23.98,1.0382757339279078,1.0405405405405406,1.0054753608760578,1.0131081981781824,0.9948213360952876,1.0118143459915612
2018-04-06,2018-04-06,14.01,11.495,20.09,9.054,38.26,23.78,1.0412486064659978,1.0355855855855856,1.0,1.0057764941124194,0.9906784049715174,1.0033755274261604
2018-04-09,2018-04-09,14.0,11.42,20.3,9.075,38.2,23.85,1.0405053883314752,1.0288288288288288,1.010452961672474,1.008109309042435,0.9891248058001038,1.0063291139240507
2018-04-10,2018-04-10,13.95,11.33,20.25,8.991,38.29,23.58,1.0367892976588629,1.0207207207207207,1.0079641612742658,0.9987780493223727,0.9914552045572242,0.9949367088607595
2018-04-11,2018-04-11,13.815,11.195,20.1,8.874,38.05,23.55,1.0267558528428093,1.0085585585585586,1.0004977600796416,0.985780937569429,0.9852408078715691,0.9936708860759494
2018-04-12,2018-04-12,13.985,11.39,20.25,8.866,37.97,23.61,1.0393905611296914,1.0261261261261263,1.0079641612742658,0.9848922461675182,0.9831693423096841,0.9962025316455696
2018-04-13,2018-04-13,13.97,11.5,20.78,8.97,38.0,23.64,1.0382757339279078,1.0360360360360361,1.0343454454952714,0.9964452343923572,0.9839461418953911,0.9974683544303798
2018-04-16,2018-04-16,13.97,11.6,20.95,9.0,37.99,23.64,1.0382757339279078,1.045045045045045,1.0428073668491786,0.9997778271495222,0.9836872087001555,0.9974683544303798
2018-04-17,2018-04-17,13.915,11.655,20.89,9.0,37.91,23.6,1.034188034188034,1.05,1.039820806371329,0.9997778271495222,0.9816157431382703,0.9957805907172996
2018-04-18,2018-04-18,13.97,11.79,21.16,9.014,37.99,23.74,1.0382757339279078,1.0621621621621622,1.0532603285216526,1.001333037102866,0.9836872087001555,1.00168776371308
2018-04-19,2018-04-19,13.985,11.89,21.69,9.1,37.92,23.86,1.0393905611296914,1.0711711711711713,1.079641612742658,1.010886469673406,0.9818746763335061,1.0067510548523206
2018-04-20,2018-04-20,14.105,11.7,22.12,9.07,38.0,23.92,1.0483091787439613,1.054054054054054,1.1010452961672474,1.0075538769162409,0.9839461418953911,1.0092827004219411
2018-04-23,2018-04-23,14.135,11.42,21.55,8.937999999999999,37.79,23.78,1.0505388331475287,1.0288288288288288,1.0726729716276755,0.9928904687847143,0.9785085447954428,1.0033755274261604
2018-04-24,2018-04-24,14.155,11.285,21.35,8.85,37.8,23.76,1.0520252694165737,1.0166666666666666,1.0627177700348434,0.9831148633636968,0.9787674779906784,1.0025316455696203
2018-04-25,2018-04-25,14.1,11.38,21.35,8.83,35.97,23.75,1.0479375696767002,1.0252252252252254,1.0627177700348434,0.9808931348589202,0.9313827032625583,1.0021097046413503
2018-04-26,2018-04-26,14.165,11.455,21.2,8.82,35.98,23.99,1.052768487551096,1.031981981981982,1.055251368840219,0.9797822706065319,0.9316416364577939,1.0122362869198311
2018-04-27,2018-04-27,14.345,11.47,19.87,8.94,36.36,24.82,1.066146413972501,1.0333333333333334,0.9890492782478846,0.9931126416351921,0.9414810978767478,1.0472573839662447
2018-04-30,2018-04-30,14.395,11.58,19.84,8.921,36.39,25.0,1.0698625046451133,1.0432432432432432,0.9875559980089597,0.9910019995556542,0.9422578974624548,1.0548523206751055
2018-05-02,2018-05-02,14.545,11.525,19.845,9.072000000000001,36.61,25.58,1.0810107766629506,1.0382882882882885,0.9878048780487805,1.0077760497667185,0.9479544277576386,1.079324894514768
2018-05-03,2018-05-03,14.55,11.675,19.985,9.211,36.98,26.6,1.0813823857302118,1.0518018018018018,0.994773519163763,1.0232170628749166,0.9575349559813567,1.1223628691983123
2018-05-04,2018-05-04,14.75,11.53,20.09,9.335,36.61,26.5,1.0962467484206615,1.0387387387387388,1.0,1.0369917796045323,0.9479544277576386,1.118143459915612
2018-05-07,2018-05-07,14.7,11.7,20.22,9.499,36.66,26.49,1.092530657748049,1.054054054054054,1.0064708810353409,1.0552099533437014,0.9492490937338166,1.1177215189873417
2018-05-08,2018-05-08,14.69,11.7,20.2,9.591000000000001,36.67,26.08,1.0917874396135265,1.054054054054054,1.0054753608760578,1.0654299044656743,0.9495080269290525,1.10042194092827
2018-05-09,2018-05-09,14.64,11.65,19.75,9.475,36.71,26.82,1.0880713489409142,1.0495495495495497,0.9830761572921852,1.0525438791379693,0.9505437597099949,1.1316455696202532
2018-05-10,2018-05-10,14.59,11.855,20.0,9.301,36.51,26.59,1.0843552582683018,1.068018018018018,0.9955201592832255,1.033214841146412,0.9453650958052823,1.1219409282700423
2018-05-11,2018-05-11,14.585,12.22,20.19,9.499,36.5,26.82,1.0839836492010406,1.100900900900901,1.0049776007964162,1.0552099533437014,0.9451061626100467,1.1316455696202532
2018-05-14,2018-05-14,14.63,12.315,20.05,9.379,36.4,27.12,1.0873281308063918,1.1094594594594593,0.9980089596814335,1.041879582315041,0.9425168306576903,1.1443037974683545
2018-05-15,2018-05-15,14.745,12.205,19.9,9.25,36.28,26.81,1.0958751393534,1.0995495495495495,0.9905425584868093,1.0275494334592312,0.9394096323148629,1.131223628691983
2018-05-16,2018-05-16,14.6,12.27,20.16,9.296,36.28,26.9,1.0850984764028242,1.1054054054054054,1.0034843205574913,1.0326594090202177,0.9394096323148629,1.1350210970464134
2018-05-17,2018-05-17,14.275,12.14,19.98,9.28,36.2,26.87,1.0609438870308436,1.0936936936936938,0.9945246391239423,1.0308820262163962,0.9373381667529779,1.1337552742616035
2018-05-18,2018-05-18,14.535,12.28,20.21,9.386000000000001,36.21,27.18,1.080267558528428,1.1063063063063063,1.0059731209556995,1.042657187291713,0.9375970999482135,1.1468354430379748
2018-05-21,2018-05-21,14.595,12.26,20.12,9.431000000000001,36.1,27.3,1.084726867335563,1.1045045045045045,1.001493280238925,1.0476560764274605,0.9347488348006215,1.1518987341772153
2018-05-22,2018-05-22,14.3,12.25,20.18,9.477,36.15,27.38,1.0628019323671498,1.1036036036036037,1.0044798407167745,1.052766051988447,0.9360435007767997,1.1552742616033755
2018-05-23,2018-05-23,14.255,12.4,19.96,9.424,35.89,26.97,1.0594574507617986,1.1171171171171173,0.9935291189646591,1.0468784714507886,0.9293112377006733,1.1379746835443039
2018-05-24,2018-05-24,14.23,12.315,19.785,9.281,35.94,26.83,1.0575994054254925,1.1094594594594593,0.9848183175709309,1.0309931126416352,0.9306059036768514,1.1320675105485232
2018-05-25,2018-05-25,14.2,11.99,19.66,9.229,35.95,26.6,1.0553697510219249,1.0801801801801802,0.9785963165754107,1.0252166185292155,0.9308648368720871,1.1223628691983123
2018-05-28,2018-05-28,14.02,11.66,19.8,9.22,36.0,26.94,1.0419918246005202,1.0504504504504506,0.9855649576903933,1.0242168407020662,0.9321595028482652,1.1367088607594937
2018-05-29,2018-05-29,13.705,11.42,19.705,9.154,35.87,26.77,1.018580453363062,1.0288288288288288,0.9808362369337978,1.016885136636303,0.928793371310202,1.129535864978903
2018-05-30,2018-05-30,13.715,11.39,19.265,9.05,35.81,26.61,1.0193236714975846,1.0261261261261263,0.958934793429567,1.0053321484114641,0.9272397721387883,1.1227848101265823
2018-05-31,2018-05-31,13.79,11.585,19.845,9.163,36.16,26.86,1.0248978075065032,1.0436936936936938,0.9878048780487805,1.0178849144634525,0.9363024339720352,1.1333333333333333
2018-06-01,2018-06-01,13.625,11.42,19.475,9.08,36.11,27.05,1.0126347082868823,1.0288288288288288,0.9693877551020409,1.0086647411686291,0.9350077679958572,1.1413502109704643
2018-06-04,2018-06-04,13.62,11.415,19.38,9.085,36.05,26.87,1.0122630992196209,1.0283783783783784,0.9646590343454454,1.0092201732948234,0.9334541688244433,1.1337552742616035
2018-06-05,2018-06-05,13.5,11.535,19.545,9.04,36.13,26.97,1.0033444816053512,1.0391891891891893,0.9728720756595322,1.0042212841590756,0.9355256343863284,1.1379746835443039
2018-06-06,2018-06-06,13.565,11.43,19.47,8.963,36.29,26.85,1.0081753994797473,1.0297297297297296,0.96913887506222,0.9956676294156852,0.9396685655100985,1.1329113924050633
2018-06-07,2018-06-07,13.55,11.225,19.24,8.922,36.38,26.45,1.0070605722779635,1.0112612612612613,0.9576903932304629,0.9911130859808931,0.9419989642672192,1.1160337552742616
2018-06-08,2018-06-08,13.62,11.175,18.79,8.83,36.45,26.02,1.0122630992196209,1.0067567567567568,0.9352911896465903,0.9808931348589202,0.9438114966338687,1.0978902953586498
2018-06-11,2018-06-11,13.545,11.19,19.045,8.923,36.41,25.49,1.0066889632107023,1.008108108108108,0.9479840716774516,0.9912241724061319,0.9427757638529259,1.0755274261603376
2018-06-12,2018-06-12,13.715,11.15,19.19,8.956,36.59,25.58,1.0193236714975846,1.0045045045045045,0.9552015928322549,0.9948900244390134,0.9474365613671675,1.079324894514768
2018-06-13,2018-06-13,13.64,11.15,19.395,9.08,36.6,25.26,1.0137495354886659,1.0045045045045045,0.9654056744649079,1.0086647411686291,0.947695494562403,1.0658227848101267
2018-06-14,2018-06-14,13.47,11.32,19.285,8.912,36.53,25.2,1.0011148272017838,1.0198198198198198,0.9599303135888502,0.9900022217285048,0.9458829621957536,1.0632911392405062
2018-06-15,2018-06-15,13.915,11.555,19.985,9.329,36.72,25.58,1.034188034188034,1.040990990990991,0.994773519163763,1.0363252610530993,0.9508026929052305,1.079324894514768
2018-06-18,2018-06-18,13.82,11.57,20.16,9.459,36.64,25.36,1.0271274619100705,1.0423423423423424,1.0034843205574913,1.0507664963341479,0.9487312273433455,1.070042194092827
2018-06-19,2018-06-19,13.135,11.2,19.78,9.211,36.51,25.15,0.9762170196952805,1.009009009009009,0.98456943753111,1.0232170628749166,0.9453650958052823,1.0611814345991561
2018-06-20,2018-06-20,13.405,11.285,19.915,9.255,36.52,25.41,0.9962839093273875,1.0166666666666666,0.9912891986062717,1.0281048655854255,0.945624029000518,1.0721518987341772
2018-06-21,2018-06-21,13.265,11.25,19.67,9.218,36.61,25.06,0.9858788554440728,1.0135135135135136,0.9790940766550523,1.0239946678515885,0.9479544277576386,1.0573839662447257
2018-06-22,2018-06-22,13.13,11.575,19.4,9.087,36.75,25.15,0.9758454106280193,1.0427927927927927,0.9656545545047287,1.009442346145301,0.9515794924909374,1.0611814345991561
2018-06-25,2018-06-25,13.105,11.8,19.28,9.05,36.62,25.22,0.9739873652917131,1.063063063063063,0.9596814335490295,1.0053321484114641,0.9482133609528741,1.0641350210970464
2018-06-26,2018-06-26,13.075,11.805,19.17,9.045,36.62,25.49,0.9717577108881457,1.0635135135135134,0.9542060726729718,1.0047767162852699,0.9482133609528741,1.0755274261603376
2018-06-27,2018-06-27,13.08,11.8,19.355,9.165,36.64,25.04,0.972129319955407,1.063063063063063,0.9634146341463415,1.01810708731393,0.9487312273433455,1.0565400843881856
2018-06-28,2018-06-28,13.21,11.765,19.255,9.18,36.72,25.16,0.9817911557041993,1.05990990990991,0.9584370333499252,1.0197733836925127,0.9508026929052305,1.0616033755274261
2018-06-29,2018-06-29,13.25,11.95,19.565,9.142999999999999,36.65,25.49,0.9847640282422891,1.0765765765765765,0.9738675958188154,1.0156631859586756,0.9489901605385811,1.0755274261603376
2018-07-02,2018-07-02,13.05,11.71,19.36,9.02,36.63,25.27,0.9698996655518395,1.054954954954955,0.9636635141861623,1.0019995556542989,0.94847229414811,1.0662447257383967
2018-07-03,2018-07-03,13.16,11.85,19.845,9.29,36.6,25.69,0.9780750650315868,1.0675675675675675,0.9878048780487805,1.0319928904687845,0.947695494562403,1.0839662447257385
2018-07-04,2018-07-04,13.35,12.07,20.5,9.478,36.71,26.04,0.9921962095875139,1.0873873873873874,1.0204081632653061,1.0528771384136857,0.9505437597099949,1.09873417721519
2018-07-05,2018-07-05,13.435,12.105,21.06,9.664,36.76,25.94,0.998513563730955,1.0905405405405406,1.0482827277252365,1.0735392135081092,0.9518384256861729,1.0945147679324896
2018-07-06,2018-07-06,13.57,12.265,21.54,9.84,36.79,26.28,1.0085470085470085,1.104954954954955,1.0721752115480339,1.0930904243501443,0.9526152252718799,1.108860759493671
2018-07-09,2018-07-09,13.615,12.35,22.21,9.95,36.71,26.97,1.0118914901523597,1.1126126126126126,1.105525136884022,1.1053099311264163,0.9505437597099949,1.1379746835443039
2018-07-10,2018-07-10,13.485,12.255,21.82,9.75,36.61,26.6,1.0022296544035674,1.1040540540540542,1.0861124937779991,1.0830926460786492,0.9479544277576386,1.1223628691983123
2018-07-11,2018-07-11,13.39,12.26,21.66,9.64,36.56,26.49,0.995169082125604,1.1045045045045045,1.0781483325037333,1.0708731393023772,0.9466597617814605,1.1177215189873417
2018-07-12,2018-07-12,13.405,12.185,21.53,9.699,36.73,26.16,0.9962839093273875,1.0977477477477477,1.0716774514683922,1.0774272383914685,0.9510616261004661,1.1037974683544305
2018-07-13,2018-07-13,13.55,12.3,21.7,9.7,36.74,26.68,1.0070605722779635,1.1081081081081081,1.0801393728222997,1.0775383248167072,0.9513205592957018,1.1257383966244725
2018-07-16,2018-07-16,13.525,12.205,21.56,9.605,36.58,26.28,1.0052025269416573,1.0995495495495495,1.073170731707317,1.0669851144190179,0.9471776281719316,1.108860759493671
2018-07-17,2018-07-17,13.37,12.165,21.7,9.61,36.61,26.35,0.9936826458565589,1.095945945945946,1.0801393728222997,1.0675405465452121,0.9479544277576386,1.1118143459915613
2018-07-18,2018-07-18,13.385,12.23,21.83,9.695,36.6,26.52,0.9947974730583427,1.1018018018018019,1.0866102538576405,1.0769828926905132,0.947695494562403,1.1189873417721519
2018-07-19,2018-07-19,13.445,12.3,21.81,9.773,36.6,26.47,0.9992567818654775,1.1081081081081081,1.0856147336983573,1.0856476338591423,0.947695494562403,1.1168776371308016
2018-07-20,2018-07-20,13.33,12.245,22.1,9.618,36.59,26.48,0.990709773318469,1.103153153153153,1.1000497760079642,1.0684292379471227,0.9474365613671675,1.1172995780590718
2018-07-23,2018-07-23,13.355,12.21,22.1,9.77,36.64,26.5,0.9925678186547752,1.1,1.1000497760079642,1.0853143745834257,0.9487312273433455,1.118143459915612
2018-07-24,2018-07-24,13.585,12.25,22.3,9.708,36.76,26.61,1.0096618357487923,1.1036036036036037,1.1100049776007965,1.078427016218618,0.9518384256861729,1.1227848101265823
2018-07-25,2018-07-25,13.43,12.17,21.97,9.59,36.75,26.28,0.9981419546636938,1.0963963963963965,1.093578894972623,1.0653188180404354,0.9515794924909374,1.108860759493671
2018-07-26,2018-07-26,13.51,12.185,22.0,9.54,36.87,26.0,1.0040876997398736,1.0977477477477477,1.095072175211548,1.0597644967784936,0.9546866908337649,1.0970464135021096
2018-07-27,2018-07-27,13.945,12.25,22.2,9.696,37.27,26.11,1.0364176885916017,1.1036036036036037,1.1050273768043803,1.0770939791157519,0.9650440186431902,1.1016877637130802
2018-07-30,2018-07-30,14.075,12.34,22.39,9.85,37.4,26.28,1.0460795243403938,1.1117117117117117,1.114484818317571,1.0942012886025327,0.9684101501812533,1.108860759493671
2018-07-31,2018-07-31,13.79,12.5,22.33,9.63,37.9,26.51,1.0248978075065032,1.1261261261261262,1.1114982578397212,1.0697622750499889,0.9813568099430348,1.118565400843882
2018-08-01,2018-08-01,13.805,12.87,22.43,9.67,38.1,26.8,1.026012634708287,1.1594594594594594,1.1164758586361374,1.0742057320595422,0.9865354738477474,1.130801687763713
2018-08-02,2018-08-02,13.51,12.785,21.71,9.453,37.77,26.35,1.0040876997398736,1.151801801801802,1.0806371329019413,1.050099977782715,0.9779906784049717,1.1118143459915613
2018-08-03,2018-08-03,13.48,12.8,21.51,9.472000000000001,37.78,26.39,1.0018580453363062,1.1531531531531531,1.0706819313091092,1.052210619862253,0.9782496116002073,1.1135021097046414
2018-08-06,2018-08-06,13.485,13.145,21.33,9.588,37.77,26.61,1.0022296544035674,1.1842342342342342,1.0617222498755599,1.0650966451899577,0.9779906784049717,1.1227848101265823
2018-08-07,2018-08-07,13.385,13.145,21.2,9.609,37.71,26.27,0.9947974730583427,1.1842342342342342,1.055251368840219,1.0674294601199732,0.9764370792335578,1.1084388185654008
2018-08-08,2018-08-08,13.495,13.34,21.26,9.671,37.66,26.4,1.00297287253809,1.2018018018018017,1.0582379293180688,1.074316818484781,0.9751424132573796,1.1139240506329113
2018-08-09,2018-08-09,13.3,13.33,21.05,9.394,37.69,25.72,0.9884801189149016,1.2009009009009008,1.0477849676455948,1.0435458786936236,0.9759192128430865,1.0852320675105485
2018-08-10,2018-08-10,13.265,13.265,20.91,9.38,37.66,25.24,0.9858788554440728,1.1950450450450452,1.0408163265306123,1.04199066874028,0.9751424132573796,1.0649789029535865
2018-08-13,2018-08-13,12.99,13.2,20.7,9.24,37.46,24.69,0.9654403567447046,1.1891891891891893,1.0303633648581383,1.026438569206843,0.969963749352667,1.0417721518987342
2018-08-14,2018-08-14,13.22,13.32,21.16,9.321,37.62,25.05,0.9825343738387217,1.2,1.0532603285216526,1.0354365696511885,0.9741066804764371,1.0569620253164558
2018-08-15,2018-08-15,13.215,13.38,21.74,9.427,37.41,25.02,0.9821627647714604,1.2054054054054055,1.082130413140866,1.0472117307265052,0.9686690833764888,1.0556962025316456
2018-08-16,2018-08-16,13.06,13.23,21.21,9.369,37.2,24.66,0.970642883686362,1.191891891891892,1.0557491289198606,1.0407687180626526,0.9632314862765408,1.040506329113924
2018-08-17,2018-08-17,13.14,13.4,21.26,9.45,37.2,24.79,0.9765886287625418,1.2072072072072073,1.0582379293180688,1.0497667185069983,0.9632314862765408,1.0459915611814345
2018-08-20,2018-08-20,13.11,13.395,21.01,9.545,37.3,25.33,0.9743589743589743,1.2067567567567568,1.0457939273270285,1.0603199289046878,0.965820818228897,1.068776371308017
2018-08-21,2018-08-21,13.11,13.39,21.16,9.5,37.15,25.04,0.9743589743589743,1.2063063063063064,1.0532603285216526,1.05532103976894,0.9619368203003625,1.0565400843881856
2018-08-22,2018-08-22,13.17,13.7,21.19,9.479,37.2,25.41,0.9788182831661092,1.2342342342342343,1.0547536087605776,1.0529882248389246,0.9632314862765408,1.0721518987341772
2018-08-23,2018-08-23,13.075,13.9,21.38,9.493,37.28,25.75,0.9717577108881457,1.2522522522522523,1.064211050273768,1.0545434347922684,0.9653029518384257,1.0864978902953586
2018-08-24,2018-08-24,13.115,13.995,21.8,9.54,37.32,25.99,0.9747305834262356,1.2608108108108107,1.0851169736187158,1.0597644967784936,0.9663386846193682,1.0966244725738397
2018-08-27,2018-08-27,13.125,14.065,21.75,9.547,37.21,25.87,0.975473801560758,1.2671171171171172,1.0826281732205076,1.0605421017551655,0.9634904194717764,1.0915611814345991
2018-08-28,2018-08-28,13.065,14.25,22.0,9.45,37.49,26.25,0.9710144927536232,1.2837837837837838,1.095072175211548,1.0497667185069983,0.970740548938374,1.1075949367088609
2018-08-29,2018-08-29,13.0,14.17,21.74,9.35,37.46,26.08,0.966183574879227,1.2765765765765766,1.082130413140866,1.0386580759831148,0.969963749352667,1.10042194092827
2018-08-30,2018-08-30,13.025,14.25,21.86,9.32,37.36,26.03,0.9680416202155333,1.2837837837837838,1.0881035340965655,1.0353254832259497,0.9673744174003107,1.09831223628692
2018-08-31,2018-08-31,12.845,14.085,21.88,9.247,37.27,26.3,0.9546636937941286,1.268918918918919,1.0890990542558487,1.0272161741835146,0.9650440186431902,1.109704641350211
2018-09-03,2018-09-03,12.605,14.01,21.73,9.13,37.5,26.26,0.936826458565589,1.2621621621621621,1.0816326530612246,1.014219062430571,0.9709994821336096,1.1080168776371309
2018-09-04,2018-09-04,12.67,13.98,22.0,9.238999999999999,37.43,26.16,0.9416573764399851,1.2594594594594595,1.095072175211548,1.0263274827816038,0.9691869497669602,1.1037974683544305
2018-09-05,2018-09-05,12.52,13.885,21.58,9.01,37.53,25.93,0.9305091044221478,1.250900900900901,1.0741662518666002,1.0008886914019106,0.9717762817193165,1.0940928270042194
2018-09-06,2018-09-06,12.335,13.95,21.12,8.93,37.49,25.91,0.916759568933482,1.2567567567567568,1.051269288203086,0.9920017773828037,0.970740548938374,1.0932489451476795
2018-09-07,2018-09-07,12.285,14.18,21.5,8.888,37.47,25.74,0.9130434782608696,1.2774774774774775,1.0701841712294673,0.9873361475227727,0.9702226825479027,1.0860759493670886
2018-09-10,2018-09-10,12.205,14.475,21.67,8.85,37.67,26.01,0.9070977331846897,1.3040540540540542,1.078646092583375,0.9831148633636968,0.9754013464526153,1.0974683544303798
2018-09-11,2018-09-11,12.495,14.825,22.14,9.087,37.81,26.66,0.9286510590858417,1.3355855855855856,1.1020408163265307,1.009442346145301,0.9790264111859142,1.1248945147679326
2018-09-12,2018-09-12,12.41,14.745,22.3,8.95,37.87,26.72,0.9223337049424006,1.3283783783783782,1.1100049776007965,0.9942235058875803,0.9805800103573278,1.1274261603375528
2018-09-13,2018-09-13,12.41,14.775,21.5,8.799,37.97,26.55,0.9223337049424006,1.3310810810810811,1.0701841712294673,0.9774494556765162,0.9831693423096841,1.120253164556962
2018-09-14,2018-09-14,12.4,14.37,21.55,8.861,37.96,26.34,0.9215904868078781,1.2945945945945945,1.0726729716276755,0.9843368140413241,0.9829104091144486,1.111392405063291
2018-09-17,2018-09-17,12.38,14.55,21.46,8.73,37.81,26.2,0.9201040505388332,1.310810810810811,1.068193130910901,0.9697844923350366,0.9790264111859142,1.1054852320675106
2018-09-18,2018-09-18,12.44,14.93,21.69,8.898,38.0,26.38,0.924563359345968,1.345045045045045,1.079641612742658,0.9884470117751609,0.9839461418953911,1.1130801687763714
2018-09-19,2018-09-19,12.43,14.94,21.75,8.916,38.1,26.51,0.9238201412114455,1.345945945945946,1.0826281732205076,0.9904465674294601,0.9865354738477474,1.118565400843882
2018-09-20,2018-09-20,12.2,14.84,21.35,8.636000000000001,38.02,26.09,0.9067261241174284,1.336936936936937,1.0627177700348434,0.9593423683625861,0.9844640082858624,1.10084388185654
2018-09-21,2018-09-21,12.365,15.17,21.45,8.735,38.2,26.1,0.9189892233370495,1.3666666666666667,1.0676953708312593,0.9703399244612307,0.9891248058001038,1.1012658227848102
2018-09-24,2018-09-24,12.555,15.32,21.27,8.974,38.36,26.25,0.9331103678929765,1.3801801801801803,1.0587356893977102,0.9968895800933125,0.9932677369238737,1.1075949367088609
2018-09-25,2018-09-25,12.415,15.34,21.04,8.914,38.26,26.68,0.9227053140096617,1.381981981981982,1.0472872075659532,0.9902243945789824,0.9906784049715174,1.1257383966244725
2018-09-26,2018-09-26,12.255,15.585,21.22,8.84,38.34,27.18,0.9108138238573021,1.4040540540540543,1.0562468889995023,0.9820039991113085,0.9927498705334026,1.1468354430379748
2018-09-27,2018-09-27,12.405,15.285,21.4,8.88,38.43,26.62,0.9219620958751393,1.377027027027027,1.0652065704330511,0.986447456120862,0.9950802692905231,1.1232067510548525
2018-09-28,2018-09-28,12.5,15.13,21.69,8.875,38.44,26.51,0.929022668153103,1.3630630630630631,1.079641612742658,0.9858920239946678,0.9953392024857587,1.118565400843882
2018-10-01,2018-10-01,12.665,15.115,21.2,8.751,38.51,26.51,0.9412857673727238,1.3617117117117117,1.055251368840219,0.9721173072650521,0.997151734852408,1.118565400843882
2018-10-02,2018-10-02,12.6,15.025,20.92,8.676,38.43,26.39,0.9364548494983277,1.3536036036036037,1.041314086610254,0.9637858253721394,0.9950802692905231,1.1135021097046414
2018-10-04,2018-10-04,12.7,15.48,20.8,8.67,38.6,26.25,0.9438870308435525,1.3945945945945948,1.0353409656545545,0.9631193068207065,0.9994821336095289,1.1075949367088609
2018-10-05,2018-10-05,12.6,15.19,20.49,8.681000000000001,38.54,25.35,0.9364548494983277,1.3684684684684685,1.0199104031856645,0.9643412574983338,0.997928534438115,1.069620253164557
2018-10-08,2018-10-08,12.64,15.125,18.7,8.6,38.31,25.63,0.9394277220364178,1.3626126126126126,0.9308113489298158,0.9553432570539879,0.9919730709476956,1.081434599156118
2018-10-09,2018-10-09,12.695,15.415,17.965,8.527000000000001,38.34,25.61,0.9435154217762913,1.3887387387387387,0.8942259830761573,0.947233948011553,0.9927498705334026,1.0805907172995781
2018-10-10,2018-10-10,12.47,15.295,17.625,8.584,38.3,25.64,0.9267930137495355,1.377927927927928,0.8773021403683424,0.9535658742501665,0.9917141377524599,1.0818565400843883
2018-10-11,2018-10-11,12.065,14.43,17.05,8.302999999999999,38.32,25.1,0.8966926793013749,1.3,0.8486809357889498,0.9223505887580536,0.9922320041429312,1.059071729957806
2018-10-12,2018-10-12,11.94,14.815,17.5,8.419,38.45,25.05,0.8874024526198439,1.3346846846846847,0.8710801393728224,0.9352366140857588,0.9955981356809944,1.0569620253164558
2018-10-15,2018-10-15,11.9,14.615,17.41,8.25,38.35,25.11,0.884429580081754,1.3166666666666667,0.8666002986560478,0.9164630082203954,0.9930088037286381,1.059493670886076
2018-10-16,2018-10-16,11.785,14.51,17.57,8.406,38.48,25.24,0.8758825715347455,1.3072072072072072,0.8745644599303136,0.9337924905576539,0.9963749352667012,1.0649789029535865
2018-10-17,2018-10-17,11.895,14.935,17.705,8.49,38.6,25.91,0.8840579710144927,1.3454954954954956,0.8812842210054753,0.943123750277716,0.9994821336095289,1.0932489451476795
2018-10-18,2018-10-18,11.775,14.78,17.525,8.499,38.59,26.28,0.875139353400223,1.3315315315315315,0.8723245395719262,0.9441235281048656,0.9992232004142932,1.108860759493671
2018-10-19,2018-10-19,11.72,14.96,17.665,8.49,38.47,26.78,0.8710516536603493,1.347747747747748,0.8792931806869089,0.943123750277716,0.9961160020714656,1.129957805907173
2018-10-22,2018-10-22,11.82,15.415,18.15,8.655,38.75,27.02,0.8784838350055741,1.3887387387387387,0.9034345445495271,0.9614530104421238,1.0033661315380633,1.140084388185654
2018-10-23,2018-10-23,11.635,14.79,17.94,8.521,38.43,26.51,0.8647342995169082,1.3324324324324324,0.8929815828770533,0.94656742946012,0.9950802692905231,1.118565400843882
2018-10-24,2018-10-24,11.64,14.445,17.85,8.582,38.52,26.15,0.8651059085841695,1.3013513513513515,0.8885017421602788,0.9533437013996889,0.9974106680476439,1.1033755274261603
2018-10-25,2018-10-25,11.56,14.4,17.57,8.462,38.44,25.47,0.8591601635079896,1.2972972972972974,0.8745644599303136,0.9400133303710285,0.9953392024857587,1.0746835443037974
2018-10-26,2018-10-26,11.575,14.615,17.61,8.514,38.53,25.93,0.8602749907097733,1.3166666666666667,0.8765555002488801,0.945789824483448,0.9976696012428794,1.0940928270042194
2018-10-29,2018-10-29,11.42,14.45,17.195,8.453,38.62,25.95,0.8487551096246748,1.3018018018018018,0.8558984569437531,0.939013552543879,1.0,1.0949367088607596
2018-10-30,2018-10-30,11.495,14.5,17.35,8.523,38.76,26.08,0.8543292456335934,1.3063063063063063,0.8636137381781982,0.9467896023105975,1.003625064733299,1.10042194092827
2018-10-31,2018-10-31,11.595,14.7,17.25,8.57,38.9,25.85,0.8617614269788183,1.3243243243243243,0.858636137381782,0.9520106642968229,1.0072501294665976,1.0907172995780592
2018-11-01,2018-11-01,11.745,14.675,17.185,8.539,39.0,25.44,0.8729096989966555,1.3220720720720722,0.8554006968641115,0.948566985114419,1.009839461418954,1.0734177215189875
2018-11-02,2018-11-02,12.045,14.65,17.57,8.671,39.29,25.8,0.89520624303233,1.3198198198198199,0.8745644599303136,0.9632303932459452,1.0173485240807871,1.0886075949367089
2018-11-05,2018-11-05,11.945,14.735,17.73,8.651,39.07,25.48,0.8877740616871052,1.3274774774774776,0.8825286212045794,0.9610086647411685,1.0116519937856034,1.0751054852320676
2018-11-06,2018-11-06,12.06,14.655,17.87,8.55,39.24,26.02,0.8963210702341138,1.3202702702702702,0.889497262319562,0.9497889357920463,1.016053858104609,1.0978902953586498
2018-11-07,2018-11-07,12.1,15.0,17.955,8.615,39.34,25.95,0.8992939427722036,1.3513513513513513,0.8937282229965156,0.9570095534325705,1.0186431900569655,1.0949367088607596
2018-11-08,2018-11-08,12.445,15.5,18.405,8.755,39.5,26.67,0.9249349684132293,1.3963963963963963,0.9161274265803884,0.9725616529660076,1.0227861211807354,1.1253164556962025
2018-11-09,2018-11-09,12.24,15.55,18.285,8.505,39.47,26.29,0.9096989966555185,1.400900900900901,0.9101543056246889,0.9447900466562986,1.0220093215950286,1.109282700421941
2018-11-12,2018-11-12,12.595,15.605,18.665,8.769,39.49,26.0,0.9360832404310666,1.405855855855856,0.9290691886510701,0.9741168629193512,1.0225271879854998,1.0970464135021096
2018-11-13,2018-11-13,12.535,15.56,18.575,8.69,39.51,26.1,0.9316239316239316,1.401801801801802,0.9245893479342956,0.9653410353254831,1.023045054375971,1.1012658227848102
2018-11-14,2018-11-14,12.51,15.51,18.595,8.729,39.56,25.11,0.9297658862876254,1.3972972972972972,0.9255848680935789,0.9696734059097977,1.0243397203521494,1.059493670886076
2018-11-15,2018-11-15,12.52,15.405,18.96,9.044,39.75,25.56,0.9305091044221478,1.3878378378378378,0.9437531110004979,1.0046656298600312,1.0292594510616262,1.0784810126582278
2018-11-16,2018-11-16,12.175,14.915,18.505,9.026,39.82,25.84,0.9048680787811223,1.3436936936936936,0.9211050273768043,1.002666074205732,1.0310719834282756,1.090295358649789
2018-11-19,2018-11-19,12.245,15.015,19.065,9.15,39.94,26.01,0.9100706057227795,1.3527027027027028,0.9489795918367347,1.0164407909353477,1.034179181771103,1.0974683544303798
2018-11-20,2018-11-20,12.18,14.955,19.295,9.2,39.83,25.79,0.9052396878483835,1.3472972972972974,0.9604280736684919,1.0219951121972894,1.0313309166235112,1.088185654008439
2018-11-21,2018-11-21,12.225,14.585,19.265,9.283999999999999,39.95,25.56,0.9085841694537347,1.313963963963964,0.958934793429567,1.0313263719173515,1.0344381149663389,1.0784810126582278
2018-11-22,2018-11-22,12.265,14.45,19.165,9.14,39.85,25.16,0.9115570419918246,1.3018018018018018,0.9539571926331508,1.0153299266829594,1.0318487830139824,1.0616033755274261
2018-11-23,2018-11-23,12.15,14.005,19.2,9.003,39.64,24.43,0.9030100334448161,1.2617117117117118,0.9556993529118964,1.0001110864252387,1.0264111859140344,1.0308016877637132
2018-11-26,2018-11-26,12.19,13.925,19.055,9.051,39.71,24.15,0.905982905982906,1.2545045045045047,0.9484818317570931,1.0054432348367028,1.0282237182806837,1.0189873417721518
2018-11-27,2018-11-27,12.48,13.97,19.44,9.142000000000001,39.95,24.18,0.927536231884058,1.2585585585585586,0.9676455948232953,1.015552099533437,1.0344381149663389,1.0202531645569621
2018-11-28,2018-11-28,12.695,14.055,19.5,9.23,39.99,24.11,0.9435154217762913,1.2662162162162163,0.9706321553011449,1.0253277049544545,1.0354738477472814,1.0172995780590717
2018-11-29,2018-11-29,12.66,14.42,19.305,9.123,40.09,23.45,0.9409141583054627,1.2990990990990992,0.9609258337481333,1.013441457453899,1.0380631796996376,0.989451476793249
2018-11-30,2018-11-30,12.5,14.685,19.085,8.99,40.09,22.95,0.929022668153103,1.3229729729729731,0.9499751119960179,0.998666962897134,1.0380631796996376,0.9683544303797469
2018-12-03,2018-12-03,12.605,14.705,19.36,9.107000000000001,40.5,22.96,0.936826458565589,1.324774774774775,0.9636635141861623,1.0116640746500778,1.0486794407042983,0.968776371308017
2018-12-04,2018-12-04,12.625,14.585,19.29,9.085,40.36,23.33,0.938312894834634,1.313963963963964,0.960179193628671,1.0092201732948234,1.0450543759709996,0.9843881856540084
2018-12-05,2018-12-05,12.27,14.345,19.18,8.935,40.25,22.86,0.9119286510590858,1.2923423423423424,0.9547038327526133,0.992557209508998,1.0422061108234075,0.9645569620253165
2018-12-06,2018-12-06,12.28,13.825,19.21,8.948,40.34,22.9,0.9126718691936083,1.2454954954954955,0.9561971129915381,0.9940013330371028,1.0445365095805283,0.9662447257383966
2018-12-07,2018-12-07,12.11,13.7,18.905,8.839,40.06,22.59,0.900037160906726,1.2342342342342343,0.941015430562469,0.9818929126860697,1.0372863801139307,0.9531645569620253
2018-12-10,2018-12-10,12.12,13.85,18.9,8.845,40.07,22.91,0.9007803790412485,1.2477477477477477,0.940766550522648,0.9825594312375028,1.0375453133091663,0.9666666666666667
2018-12-11,2018-12-11,12.015,13.47,18.545,8.774,40.25,22.52,0.8929765886287626,1.2135135135135136,0.9230960676953709,0.9746722950455453,1.0422061108234075,0.950210970464135
2018-12-12,2018-12-12,12.35,13.565,18.74,8.985,40.49,22.64,0.9178743961352657,1.2220720720720721,0.9328023892483822,0.9981115307709396,1.0484205075090627,0.9552742616033756
2018-12-13,2018-12-13,12.645,13.83,19.225,9.129,40.83,22.81,0.9397993311036789,1.245945945945946,0.9569437531110006,1.014107976005332,1.057224236147074,0.9624472573839662
2018-12-14,2018-12-14,12.735,13.93,19.44,9.142000000000001,41.09,22.59,0.9464882943143812,1.254954954954955,0.9676455948232953,1.015552099533437,1.0639564992232007,0.9531645569620253
2018-12-17,2018-12-17,12.815,14.15,19.345,9.0,39.6,22.24,0.952434039390561,1.2747747747747749,0.9629168740666998,0.9997778271495222,1.0253754531330919,0.9383966244725738
2018-12-18,2018-12-18,12.82,14.14,19.305,8.966000000000001,40.61,22.26,0.9528056484578223,1.273873873873874,0.9609258337481333,0.9960008886914019,1.0515277058518904,0.939240506329114
2018-12-19,2018-12-19,12.6,13.515,19.105,8.897,40.19,21.75,0.9364548494983277,1.2175675675675677,0.9509706321553012,0.9883359253499222,1.0406525116519938,0.9177215189873418
2018-12-20,2018-12-20,12.675,13.57,19.155,8.889,40.36,21.6,0.9420289855072465,1.2225225225225227,0.9534594325535093,0.9874472339480114,1.0450543759709996,0.9113924050632912
2018-12-21,2018-12-21,12.38,13.595,19.1,8.915,40.55,21.81,0.9201040505388332,1.2247747747747748,0.9507217521154804,0.9903354810042211,1.0499741066804764,0.920253164556962
2018-12-27,2018-12-27,12.425,13.7,18.965,8.829,40.7,22.0,0.9234485321441843,1.2342342342342343,0.9440019910403186,0.9807820484336814,1.053858104609011,0.9282700421940928
2018-12-28,2018-12-28,12.08,13.405,18.5,8.55,40.54,22.25,0.8978075065031587,1.2076576576576576,0.9208561473369836,0.9497889357920463,1.0497151734852408,0.938818565400844
2019-01-02,2019-01-02,12.35,13.67,18.885,8.561,40.52,22.48,0.9178743961352657,1.2315315315315316,0.9400199104031858,0.9510108864696734,1.0491973070947698,0.948523206751055
2019-01-03,2019-01-03,12.485,13.765,19.18,8.846,40.99,22.46,0.9279078409513192,1.2400900900900902,0.9547038327526133,0.9826705176627416,1.0613671672708442,0.9476793248945148
2019-01-04,2019-01-04,12.54,13.7,19.69,9.05,40.1,22.85,0.9319955406911928,1.2342342342342343,0.9800895968143356,1.0053321484114641,1.0383221128948732,0.9641350210970465
2019-01-07,2019-01-07,12.72,13.645,19.99,9.104,41.14,22.89,0.9453734671125976,1.2292792792792793,0.9950223992035838,1.011330815374361,1.0652511651993786,0.9658227848101266
2019-01-08,2019-01-08,13.0,13.64,19.9,9.009,40.75,23.32,0.966183574879227,1.228828828828829,0.9905425584868093,1.000777604976672,1.055152770585189,0.9839662447257385
2019-01-09,2019-01-09,13.235,13.69,20.03,9.072000000000001,40.63,23.66,0.9836492010405053,1.2333333333333334,0.9970134395221504,1.0077760497667185,1.0520455722423616,0.9983122362869199
2019-01-10,2019-01-10,13.12,13.745,19.905,8.9,40.39,23.85,0.9751021924934968,1.2382882882882882,0.9907914385266302,0.9886691846256387,1.0458311755567065,1.0063291139240507
2019-01-11,2019-01-11,13.42,13.85,20.3,9.05,40.67,24.19,0.9973987365291713,1.2477477477477477,1.010452961672474,1.0053321484114641,1.053081305023304,1.020675105485232
2019-01-14,2019-01-14,13.325,13.905,20.06,9.004,40.33,23.98,0.9903381642512077,1.2527027027027027,0.9985067197610751,1.0002221728504777,1.0442775763852927,1.0118143459915612
2019-01-15,2019-01-15,13.54,13.89,19.995,9.08,40.63,24.2,1.006317354143441,1.2513513513513514,0.9952712792434047,1.0086647411686291,1.0520455722423616,1.021097046413502
2019-01-16,2019-01-16,13.615,13.915,19.975,9.12,40.69,24.33,1.0118914901523597,1.2536036036036036,0.9942757590841216,1.0131081981781824,1.0535991714137753,1.0265822784810126
2019-01-17,2019-01-17,13.445,13.65,19.47,8.993,40.35,23.83,0.9992567818654775,1.2297297297297298,0.96913887506222,0.9990002221728504,1.044795442775764,1.0054852320675105
2019-01-18,2019-01-18,13.63,13.895,20.06,9.094,40.63,24.38,1.0130063173541435,1.2518018018018018,0.9985067197610751,1.0102199511219727,1.0520455722423616,1.0286919831223629
2019-01-21,2019-01-21,13.795,14.32,20.25,9.129,40.52,24.74,1.0252694165737644,1.2900900900900902,1.0079641612742658,1.014107976005332,1.0491973070947698,1.0438818565400843
2019-01-22,2019-01-22,13.645,14.1,19.44,9.08,40.33,24.6,1.014121144555927,1.2702702702702702,0.9676455948232953,1.0086647411686291,1.0442775763852927,1.0379746835443038
2019-01-23,2019-01-23,13.645,14.025,19.605,9.03,40.42,24.62,1.014121144555927,1.2635135135135136,0.9758586361373818,1.0031104199066874,1.0466079751424133,1.038818565400844
2019-01-24,2019-01-24,13.79,14.025,20.68,9.133,40.48,24.73,1.0248978075065032,1.2635135135135136,1.0293678446988552,1.0145523217062873,1.048161574313827,1.0434599156118145
2019-01-25,2019-01-25,13.8,14.3,21.5,9.48,40.91,25.33,1.0256410256410258,1.2882882882882885,1.0701841712294673,1.0530993112641636,1.059295701708959,1.068776371308017
2019-01-28,2019-01-28,13.825,13.98,21.23,9.414,40.2,24.77,1.0274990709773317,1.2594594594594595,1.056744649079144,1.0457676071984003,1.0409114448472296,1.0451476793248946
2019-01-29,2019-01-29,13.92,14.0,21.29,9.46,40.3,24.87,1.0345596432552955,1.2612612612612613,1.0597312095569935,1.0508775827593868,1.0435007767995856,1.049367088607595
2019-01-30,2019-01-30,13.96,13.955,21.58,9.597000000000001,40.62,25.34,1.0375325157933855,1.2572072072072074,1.0741662518666002,1.0660964230171073,1.0517866390471258,1.069198312236287
2019-01-31,2019-01-31,13.92,14.485,21.59,9.6,40.79,25.47,1.0345596432552955,1.3049549549549548,1.0746640119462418,1.0664296822928236,1.0561885033661316,1.0746835443037974
2019-02-01,2019-02-01,14.005,14.485,21.75,9.73,41.21,25.37,1.0408769973987366,1.3049549549549548,1.0826281732205076,1.0808709175738724,1.0670636975660281,1.070464135021097
2019-02-04,2019-02-04,14.0,14.455,21.7,9.6,41.16,25.96,1.0405053883314752,1.3022522522522524,1.0801393728222997,1.0664296822928236,1.0657690315898498,1.0953586497890295
2019-02-05,2019-02-05,13.94,14.6,21.64,9.637,41.25,26.05,1.0360460795243402,1.3153153153153154,1.07715281234445,1.0705398800266608,1.0680994303469706,1.09915611814346
2019-02-06,2019-02-06,14.075,14.85,21.5,9.6,41.46,26.75,1.0460795243403938,1.337837837837838,1.0701841712294673,1.0664296822928236,1.0735370274469187,1.128691983122363
2019-02-07,2019-02-07,13.89,15.0,21.43,9.531,41.0,26.34,1.032329988851728,1.3513513513513513,1.066699850671976,1.058764718951344,1.0616261004660799,1.111392405063291
2019-02-08,2019-02-08,13.9,14.915,21.38,9.459,40.68,25.98,1.0330732069862505,1.3436936936936936,1.064211050273768,1.0507664963341479,1.0533402382185397,1.0962025316455697
2019-02-11,2019-02-11,13.76,14.64,21.56,9.47,40.41,25.88,1.0226681531029358,1.318918918918919,1.073170731707317,1.051988447011775,1.0463490419471777,1.091983122362869
2019-02-12,2019-02-12,13.93,14.69,22.22,9.62,40.62,25.84,1.0353028613898179,1.3234234234234235,1.1060228969636634,1.0686514107976004,1.0517866390471258,1.090295358649789
2019-02-13,2019-02-13,13.92,14.47,22.49,9.66,40.94,26.06,1.0345596432552955,1.3036036036036036,1.119462419113987,1.073094867807154,1.060072501294666,1.09957805907173
2019-02-14,2019-02-14,13.985,14.88,22.22,9.65,40.91,25.9,1.0393905611296914,1.3405405405405406,1.1060228969636634,1.0719840035547656,1.059295701708959,1.0928270042194093
2019-02-15,2019-02-15,14.09,14.68,22.5,9.657,40.78,25.92,1.0471943515421775,1.3225225225225226,1.1199601791936287,1.0727616085314373,1.055929570170896,1.0936708860759494
2019-02-18,2019-02-18,14.06,13.935,22.36,9.604,40.56,25.75,1.0449646971386102,1.2554054054054056,1.1129915380786461,1.066874027993779,1.0502330398757123,1.0864978902953586
2019-02-19,2019-02-19,14.04,13.595,22.2,9.61,40.7,25.83,1.0434782608695652,1.2247747747747748,1.1050273768043803,1.0675405465452121,1.053858104609011,1.089873417721519
2019-02-20,2019-02-20,14.055,13.39,22.34,9.693,40.7,26.07,1.044593088071349,1.2063063063063064,1.1119960179193629,1.0767607198400355,1.053858104609011,1.1
2019-02-21,2019-02-21,14.115,13.405,22.38,9.7,40.65,25.95,1.049052396878484,1.2076576576576576,1.1139870582379292,1.0775383248167072,1.0525634386328329,1.0949367088607596
2019-02-22,2019-02-22,14.095,12.69,21.99,9.665,40.99,25.62,1.047565960609439,1.1432432432432433,1.0945744151319063,1.073650299933348,1.0613671672708442,1.081012658227848
2019-02-25,2019-02-25,14.07,12.76,21.96,9.752,40.95,25.62,1.0457079152731328,1.1495495495495496,1.0930811348929816,1.0833148189291268,1.0603314344899017,1.081012658227848
2019-02-26,2019-02-26,14.0,12.75,21.75,9.689,40.57,25.53,1.0405053883314752,1.1486486486486487,1.0826281732205076,1.0763163741390802,1.0504919730709479,1.077215189873418
2019-02-27,2019-02-27,14.105,12.74,21.9,9.83,40.64,25.36,1.0483091787439613,1.1477477477477478,1.0900945744151318,1.091979560097756,1.0523045054375972,1.070042194092827
2019-02-28,2019-02-28,13.7,12.82,21.33,9.62,40.2,25.54,1.0182088442958008,1.154954954954955,1.0617222498755599,1.0686514107976004,1.0409114448472296,1.0776371308016877
2019-03-01,2019-03-01,13.27,12.8,21.64,9.76,40.55,25.69,0.986250464511334,1.1531531531531531,1.07715281234445,1.0842035103310375,1.0499741066804764,1.0839662447257385
2019-03-04,2019-03-04,13.415,12.795,21.7,9.751,40.38,25.64,0.99702712746191,1.1527027027027028,1.0801393728222997,1.083203732503888,1.0455722423614708,1.0818565400843883
2019-03-05,2019-03-05,13.19,12.725,21.43,9.58,39.9,25.54,0.9803047194351542,1.1463963963963963,1.066699850671976,1.0642079537880471,1.0331434489901605,1.0776371308016877
2019-03-06,2019-03-06,13.18,12.79,21.56,9.639,39.91,25.51,0.9795615013006317,1.1522522522522523,1.073170731707317,1.0707620528771382,1.0334023821853962,1.0763713080168777
2019-03-07,2019-03-07,13.125,12.54,21.3,9.573,40.09,25.5,0.975473801560758,1.1297297297297297,1.0602289696366352,1.0634303488113752,1.0380631796996376,1.0759493670886076
2019-03-08,2019-03-08,13.21,12.31,21.45,9.669,40.26,25.63,0.9817911557041993,1.109009009009009,1.0676953708312593,1.0740946456343035,1.0424650440186431,1.081434599156118
2019-03-11,2019-03-11,13.255,12.3,21.67,9.747,40.16,25.65,0.9851356373095504,1.1081081081081081,1.078646092583375,1.0827593868029326,1.039875712066287,1.0822784810126582
2019-03-12,2019-03-12,13.38,12.415,21.83,9.79,40.31,25.63,0.9944258639910815,1.1184684684684685,1.0866102538576405,1.0875361030882025,1.0437597099948215,1.081434599156118
2019-03-13,2019-03-13,13.27,12.675,22.04,9.75,40.3,26.05,0.986250464511334,1.1418918918918919,1.0970632155301145,1.0830926460786492,1.0435007767995856,1.09915611814346
2019-03-14,2019-03-14,13.295,12.61,21.05,9.655,40.22,25.83,0.9881085098476403,1.136036036036036,1.0477849676455948,1.0725394356809597,1.0414293112377007,1.089873417721519
2019-03-15,2019-03-15,13.265,12.94,22.05,9.57,40.12,26.46,0.9858788554440728,1.1657657657657658,1.0975609756097562,1.0630970895356586,1.0388399792853444,1.1164556962025318
2019-03-18,2019-03-18,13.5,12.71,22.49,9.546,40.99,26.47,1.0033444816053512,1.1450450450450451,1.119462419113987,1.0604310153299266,1.0613671672708442,1.1168776371308016
2019-03-19,2019-03-19,13.48,12.8,22.52,9.6,40.99,26.54,1.0018580453363062,1.1531531531531531,1.120955699352912,1.0664296822928236,1.0613671672708442,1.119831223628692
2019-03-20,2019-03-20,13.505,12.62,22.37,9.7,40.81,26.48,1.0037160906726124,1.1369369369369369,1.1134892981582878,1.0775383248167072,1.0567063697566028,1.1172995780590718
